classification,Side,Closed PnL
Extreme Fear,BUY,34.11462658445359
Extreme Fear,SELL,34.9801057610129
Extreme Greed,BUY,10.498927234057971
Extreme Greed,SELL,114.58464339261745
Fear,BUY,63.92710403230922
Fear,SELL,45.04964052916019
Greed,BUY,25.002302417154947
Greed,SELL,59.6910906342364
Neutral,BUY,29.227428517581316
Neutral,SELL,39.45640775765347
